id,title,original_title,release_date,budget
19,Metropolis,Metropolis,1/10/1927,92620000
24,Kill Bill: Vol. 1,Kill Bill: Vol. 1,10/10/2003,30000000
27,9 Songs,9 Songs,7/16/2004,1000000
63,Twelve Monkeys,Twelve Monkeys,12/29/1995,29500000
64,Talk to Her,Hable con ella,3/14/2002,9285469
68,Brazil,Brazil,2/20/1985,15000000
82,Miami Vice,Miami Vice,7/27/2006,135000000
83,Open Water,Open Water,8/6/2004,130000
85,Raiders of the Lost Ark,Raiders of the Lost Ark,6/12/1981,18000000
88,Dirty Dancing,Dirty Dancing,8/21/1987,6000000
89,Indiana Jones and the Last Crusade,Indiana Jones and the Last Crusade,5/24/1989,48000000
97,Tron,Tron,7/9/1982,17000000
101,Leon: The Professional,Léon,9/14/1994,16000000
107,Snatch,Snatch,9/1/2000,10000000
111,Scarface,Scarface,12/8/1983,25000000
115,The Big Lebowski,The Big Lebowski,3/6/1998,15000000
120,The Lord of the Rings: The Fellowship of the Ring,The Lord of the Rings: The Fellowship of the Ring,12/18/2001,93000000
121,The Lord of the Rings: The Two Towers,The Lord of the Rings: The Two Towers,12/18/2002,79000000
138,Dracula,Dracula,2/12/1931,355000
144,Wings of Desire,Der Himmel über Berlin,1/1/1987,2500000
149,Akira,アキラ,7/16/1988,8000000
154,Star Trek II: The Wrath of Khan,Star Trek II: The Wrath of Khan,6/3/1982,12000000
161,Ocean's Eleven,Ocean's Eleven,12/7/2001,85000000
167,K-PAX,K-PAX,10/22/2001,48000000
168,Star Trek IV: The Voyage Home,Star Trek IV: The Voyage Home,11/25/1986,24000000
176,Saw,Saw,10/1/2004,1200000
189,Sin City: A Dame to Kill For,Sin City: A Dame to Kill For,8/20/2014,65000000
193,Star Trek: Generations,Star Trek: Generations,11/17/1994,38000000
199,Star Trek: First Contact,Star Trek: First Contact,11/21/1996,46000000
212,Arsenic and Old Lace,Arsenic and Old Lace,9/23/1944,1120175
213,North by Northwest,North by Northwest,7/7/1959,4000000
216,Ali: Fear Eats the Soul,Angst essen Seele auf,3/5/1974,130000
217,Indiana Jones and the Kingdom of the Crystal Skull,Indiana Jones and the Kingdom of the Crystal Skull,5/21/2008,185000000
229,Bride of Frankenstein,Bride of Frankenstein,4/21/1935,393750
235,Stand by Me,Stand by Me,8/22/1986,8000000
239,Some Like It Hot,Some Like It Hot,3/18/1959,2883848
242,The Godfather: Part III,The Godfather: Part III,12/24/1990,54000000
247,The Killing,The Killing,5/8/1956,320000
253,Live and Let Die,Live and Let Die,7/5/1973,7000000
266,Contempt,Le Mépris,10/21/1963,900000
273,The White Sound,Das weisse Rauschen,12/31/2001,250000
275,Fargo,Fargo,4/5/1996,7000000
279,Amadeus,Amadeus,10/26/1984,18000000
289,Casablanca,Casablanca,11/26/1942,878000
311,Once Upon a Time in America,Once Upon a Time in America,2/16/1984,30000000
316,Grill Point,Halbe Treppe,2/12/2002,600000
327,Brother,Brother,9/9/2000,12000000
338,"Good bye, Lenin!","Good bye, Lenin!",2/9/2003,4800000
344,"Bang, Boom, Bang",Bang Boom Bang - Ein todsicheres Ding,8/26/1999,2888030
393,Kill Bill: Vol. 2,Kill Bill: Vol. 2,4/16/2004,30000000
395,AVP: Alien vs. Predator,AVP: Alien vs. Predator,8/12/2004,70000000
400,Things to Do in Denver When You're Dead,Things to Do in Denver When You're Dead,12/1/1995,8000000
406,La Haine,La Haine,5/31/1995,3000000
411,"The Chronicles of Narnia: The Lion, the Witch and the Wardrobe","The Chronicles of Narnia: The Lion, the Witch and the Wardrobe",12/7/2005,180000000
433,Mary Poppins,Mary Poppins,8/27/1964,6000000
440,Aliens vs Predator: Requiem,Aliens vs Predator: Requiem,12/25/2007,40000000
442,Popular Music,Populärmusik från Vittula,9/24/2004,2224000
452,The Idiots,Idioterne,4/28/1998,2500000
466,Klute,Klute,6/21/1971,2500000
483,Wild at Heart,Wild at Heart,5/1/1990,9500000
493,Shaft's Big Score!,Shaft's Big Score!,6/8/1972,1978000
503,Poseidon,Poseidon,5/12/2006,160000000
512,Scoop,Scoop,7/27/2006,4000000
533,The Curse of the Were-Rabbit,The Curse of the Were-Rabbit,9/4/2005,30000000
540,D.E.B.S.,D.E.B.S.,1/21/2004,3500000
546,Transamerica,Transamerica,12/23/2005,1000000
561,Constantine,Constantine,2/8/2005,100000000
564,The Mummy,The Mummy,4/16/1999,80000000
572,Next Door,Naboer,3/10/2005,2400000
573,Frenzy,Frenzy,5/25/1972,3500000
582,The Lives of Others,Das Leben der Anderen,3/15/2006,2000000
583,Life of Brian,Life of Brian,8/17/1979,4000000
586,Wag the Dog,Wag the Dog,12/25/1997,15000000
588,Silent Hill,Silent Hill,4/21/2006,50000000
590,The Hours,The Hours,12/27/2002,25000000
594,The Terminal,The Terminal,6/17/2004,60000000
598,City of God,Cidade de Deus,2/5/2002,3300000
601,E.T. the Extra-Terrestrial,E.T. the Extra-Terrestrial,4/3/1982,10500000
612,Munich,Munich,12/22/2005,70000000
618,The Birth of a Nation,The Birth of a Nation,2/8/1915,100000
628,Interview with the Vampire,Interview with the Vampire,11/11/1994,60000000
630,The Wizard of Oz,The Wizard of Oz,8/15/1939,2777000
633,Soldier of Orange,Soldaat van Oranje,9/22/1977,2300000
635,Angel Heart,Angel Heart,3/6/1987,17000000
636,THX 1138,THX 1138,3/11/1971,777000
651,M*A*S*H,M*A*S*H,1/24/1970,3500000
654,On the Waterfront,On the Waterfront,6/22/1954,910000
657,From Russia with Love,From Russia with Love,10/11/1963,2000000
663,Saw IV,Saw IV,10/25/2007,10000000
664,Twister,Twister,5/10/1996,92000000
671,Harry Potter and the Philosopher's Stone,Harry Potter and the Philosopher's Stone,11/16/2001,125000000
679,Aliens,Aliens,7/18/1986,18500000
682,The Man with the Golden Gun,The Man with the Golden Gun,12/1/1974,7000000
691,The Spy Who Loved Me,The Spy Who Loved Me,7/7/1977,14000000
707,A View to a Kill,A View to a Kill,5/24/1985,30000000
709,Licence to Kill,Licence to Kill,7/7/1989,32000000
710,GoldenEye,GoldenEye,11/16/1995,58000000
752,V for Vendetta,V for Vendetta,3/15/2006,54000000
753,Faces,Faces,11/24/1968,275000
756,Fantasia,Fantasia,11/13/1940,2280000
762,Monty Python and the Holy Grail,Monty Python and the Holy Grail,3/13/1975,400000
763,Braindead,Braindead,8/13/1992,3000000
766,Army of Darkness,Army of Darkness,10/9/1992,11000000
767,Harry Potter and the Half-Blood Prince,Harry Potter and the Half-Blood Prince,7/7/2009,250000000
776,The Rules of the Game,La Règle du jeu,6/8/1939,8847685
790,The Fog,The Fog,2/8/1980,1000000
807,Se7en,Se7en,9/22/1995,33000000
820,JFK,JFK,12/20/1991,40000000
824,Moulin Rouge!,Moulin Rouge!,3/9/2001,52500000
828,The Day the Earth Stood Still,The Day the Earth Stood Still,9/17/1951,1200000
834,Underworld: Evolution,Underworld: Evolution,1/12/2006,50000000
839,Duel,Duel,10/1/1972,450000
840,Close Encounters of the Third Kind,Close Encounters of the Third Kind,11/16/1977,20000000
847,Willow,Willow,5/1/1988,35000000
854,The Mask,The Mask,7/29/1994,23000000
857,Saving Private Ryan,Saving Private Ryan,7/24/1998,70000000
858,Sleepless in Seattle,Sleepless in Seattle,6/24/1993,21000000
901,City Lights,City Lights,1/30/1931,1500000
920,Cars,Cars,6/8/2006,120000000
928,Gremlins 2: The New Batch,Gremlins 2: The New Batch,6/15/1990,50000000
947,Lawrence of Arabia,Lawrence of Arabia,12/10/1962,15000000
956,Mission: Impossible III,Mission: Impossible III,5/3/2006,150000000
962,The Gold Rush,The Gold Rush,6/25/1925,923000
963,The Maltese Falcon,The Maltese Falcon,11/18/1941,375000
967,Spartacus,Spartacus,10/6/1960,12000000
985,Eraserhead,Eraserhead,3/19/1977,10000
1023,Adam's Apples,Adams æbler,4/15/2005,3700000
1125,Dreamgirls,Dreamgirls,12/25/2006,70000000
1250,Ghost Rider,Ghost Rider,2/16/2007,110000000
1271,300,300,12/9/2006,65000000
1273,TMNT,TMNT,3/23/2007,34000000
1281,Bean,Bean,7/3/1997,18000000
1362,The Hobbit,The Hobbit,11/27/1977,3000000
1369,Rambo: First Blood Part II,Rambo: First Blood Part II,5/21/1985,44000000
1378,Shortbus,Shortbus,5/20/2006,2000000
1381,The Fountain,The Fountain,9/6/2006,35000000
1391,Y Tu Mamá También,Y tu mamá también,6/8/2001,5000000
1405,Greed,Greed,12/4/1924,546883
1428,Once Upon a Time in Mexico,Once Upon a Time in Mexico,9/11/2003,29000000
1429,25th Hour,25th Hour,12/16/2002,15000000
1435,Tarnation,Tarnation,10/19/2003,218
1483,Begotten,Begotten,4/30/1990,33000
1495,Kingdom of Heaven,Kingdom of Heaven,5/3/2005,130000000
1496,Cool as Ice,Cool as Ice,10/18/1991,6000000
1497,Teenage Mutant Ninja Turtles II: The Secret of the Ooze,Teenage Mutant Ninja Turtles II: The Secret of the Ooze,3/22/1991,25000000
1523,The Last King of Scotland,The Last King of Scotland,9/1/2006,6000000
1535,Spy Game,Spy Game,11/18/2001,92000000
1555,The Spanish Apartment,L'Auberge espagnole,5/17/2002,5300000
1572,Die Hard: With a Vengeance,Die Hard: With a Vengeance,5/19/1995,90000000
1573,Die Hard 2,Die Hard 2,7/2/1990,70000000
1574,Chicago,Chicago,12/26/2002,45000000
1577,Resident Evil: Apocalypse,Resident Evil: Apocalypse,9/10/2004,45000000
1580,Rope,Rope,8/23/1948,1500000
1620,Hitman,Hitman,11/21/2007,24000000
1626,Vivre Sa Vie,Vivre sa vie: film en douze tableaux,9/20/1962,64000
1634,Free Willy,Free Willy,7/16/1993,20000000
1640,Crash,Crash,1/13/2004,6500000
1642,The Net,The Net,7/28/1995,22000000
1677,Ray,Ray,10/29/2004,40000000
1691,Hostel: Part II,Hostel: Part II,6/8/2007,10200000
1712,Giant,Giant,10/10/1956,5400000
1724,The Incredible Hulk,The Incredible Hulk,6/12/2008,150000000
1726,Iron Man,Iron Man,4/30/2008,140000000
1782,Afterwards,Afterwards,10/1/2008,15400000
1788,Footloose,Footloose,2/17/1984,8200000
1791,The Piano Teacher,La Pianiste,5/14/2001,3000000
1803,Angel,Angel,4/19/1984,3000000
1812,Trick,Trick,7/23/1999,450000
1825,Over the Top,Over the Top,2/13/1987,25000000
1874,Goodbye Bafana,Goodbye Bafana,2/11/2007,30000000
1891,The Empire Strikes Back,The Empire Strikes Back,5/17/1980,18000000
1892,Return of the Jedi,Return of the Jedi,5/23/1983,32350000
1893,Star Wars: Episode I - The Phantom Menace,Star Wars: Episode I - The Phantom Menace,5/19/1999,115000000
1894,Star Wars: Episode II - Attack of the Clones,Star Wars: Episode II - Attack of the Clones,5/15/2002,120000000
1895,Star Wars: Episode III - Revenge of the Sith,Star Wars: Episode III - Revenge of the Sith,5/17/2005,113000000
1899,The Chinese Botanist's Daughters,Les Filles Du Botaniste,4/26/2006,3910000
1904,Memoirs of a Geisha,Memoirs of a Geisha,12/6/2005,85000000
1912,Reclaim Your Brain,Free Rainer - Dein Fernseher lügt,9/11/2007,2500000
1927,Hulk,Hulk,6/19/2003,137000000
1931,Stomp the Yard,Stomp the Yard,5/16/2007,13000000
1939,Laura,Laura,10/11/1944,1020000
1946,eXistenZ,eXistenZ,4/14/1999,15000000
1948,Crank,Crank,8/31/2006,12000000
1951,Manderlay,Manderlay,5/16/2005,14200000
1958,8 Women,8 femmes,1/8/2002,8000000
1966,Alexander,Alexander,11/21/2004,155000000
1979,Fantastic 4: Rise of the Silver Surfer,4: Rise of the Silver Surfer,6/13/2007,130000000
1991,Death Proof,Death Proof,5/21/2007,25000000
2002,The Last Mistress,Une vieille maîtresse,5/30/2007,6500000
2011,Persepolis,Persepolis,5/23/2007,7300000
2023,Hidalgo,Hidalgo,3/5/2004,100000000
2042,Savior,Savior,11/20/1998,10000000
2045,Unforgettable,Unforgettable,2/23/1996,18000000
2046,The Gift,The Gift,12/22/2000,10000000
2071,Shattered,Shattered,10/11/1991,22000000
2072,Cyberjack,Cyberjack,9/19/1995,2000000
2088,Romeo Is Bleeding,Romeo Is Bleeding,9/13/1993,11500000
2109,Rush Hour,Rush Hour,9/18/1998,33000000
2110,Wasabi,Wasabi,10/31/2001,15300000
2124,Color of Night,Color of Night,8/19/1994,40000000
2160,Voyage to the Bottom of the Sea,Voyage to the Bottom of the Sea,7/12/1961,1580000
2168,2:37,2:37,5/26/2006,850000
2182,Attack of the Killer Tomatoes!,Attack of the Killer Tomatoes!,10/1/1978,90000
2197,Sounds of Sand,Si le vent soulève les sables,5/2/2007,5000000
2255,Chasing Amy,Chasing Amy,4/4/1997,250000
2292,Clerks,Clerks,9/13/1994,27000
2297,Kafka,Kafka,11/15/1991,11000000
2334,Taxi 3,Taxi 3,1/29/2003,14500000
2395,Asterix at the Olympic Games,Astérix aux Jeux Olympiques,1/13/2008,97250400
2525,The Bible: In the Beginning...,The Bible: In the Beginning...,9/28/1966,18000000
2577,Code 46,Code 46,9/2/2003,7500000
2616,Uncle Buck,Uncle Buck,8/16/1989,15000000
2636,The Specialist,The Specialist,10/7/1994,45000000
2649,The Game,The Game,9/12/1997,50000000
2661,Batman,Batman,7/30/1966,1377800
2666,Dark City,Dark City,2/27/1998,27000000
2701,Abraham,Abraham,4/3/1994,10000000
2734,David,David,3/23/1997,15000000
2749,15 Minutes,15 Minutes,3/1/2001,60000000
2756,The Abyss,The Abyss,8/9/1989,70000000
2757,Adaptation.,Adaptation.,12/6/2002,19000000
2767,Les Amants du Pont-Neuf,Les Amants du Pont-Neuf,10/16/1991,28000000
2786,Pierrot le Fou,Pierrot le fou,8/29/1965,300000
2787,Pitch Black,Pitch Black,2/18/2000,23000000
2788,Reality Bites,Reality Bites,2/18/1994,11500000
2832,Identity,Identity,4/25/2003,30000000
2897,Around the World in Eighty Days,Around the World in Eighty Days,10/17/1956,6000000
2898,As Good as It Gets,As Good as It Gets,12/19/1997,50000000
2984,A Countess from Hong Kong,A Countess from Hong Kong,1/5/1967,3500000
2989,Roar,Roar,11/12/1981,17000000
3033,Gods and Monsters,Gods and Monsters,1/21/1998,10000000
3034,Young Frankenstein,Young Frankenstein,12/15/1974,2800000
3035,Frankenstein,Frankenstein,11/21/1931,291000
3037,Yella,Yella,2/14/2007,3000000
3050,Doctor Dolittle,Doctor Dolittle,6/22/1998,71000000
3097,"The Tulse Luper Suitcases, Part 1: The Moab Story","The Tulse Luper Suitcases, Part 1: The Moab Story",5/24/2003,10000000
3110,Shane,Shane,4/23/1953,3100000
3116,Midnight Cowboy,Midnight Cowboy,5/25/1969,3600000
3121,Nashville,Nashville,6/11/1975,2200000
3131,Gangs of New York,Gangs of New York,12/14/2002,100000000
3172,Bandits,Bandits,10/12/2001,75000000
3291,"Good Night, and Good Luck.","Good Night, and Good Luck.",9/16/2005,7000000
3511,The Broken,The Broken,1/18/2008,6700000
3512,Under Siege 2: Dark Territory,Under Siege 2: Dark Territory,7/13/1995,60000000
3586,Prêt-à-Porter,Prêt-à-Porter,12/23/1994,15000000
3587,Bogus,Bogus,9/6/1996,32000000
3595,Ransom,Ransom,11/8/1996,80000000
3682,54,54,8/28/1998,13000000
3683,Flags of Our Fathers,Flags of Our Fathers,10/18/2006,90000000
3870,1900,Novecento,9/3/1976,9000000
3902,I'm Not There.,I'm Not There.,10/1/2007,20000000
3980,Critters,Critters,4/11/1986,2000000
3989,Team America: World Police,Team America: World Police,10/10/2004,32000000
4133,Blow,Blow,4/4/2001,53000000
4170,Trade,Trade,1/23/2007,12000000
4174,Spellbound,Spellbound,12/28/1945,1500000
4192,Death on the Nile,Death on the Nile,10/6/1978,7920000
4203,Women on the Verge of a Nervous Breakdown,Mujeres al borde de un ataque de nervios,3/14/1988,700000
4233,Scream 2,Scream 2,12/9/1997,24000000
4244,The Kid,The Kid,7/7/2000,65000000
4251,Veer-Zaara,Veer-Zaara,11/12/2004,7000000
4255,The Party at Kitty and Stud's,The Party at Kitty and Stud's,2/10/1970,5000
4349,The Kingdom,The Kingdom,8/22/2007,70000000
4379,Monster-in-Law,Monster-in-Law,5/13/2005,43000000
4437,2010,2010,12/6/1984,28000000
4476,Legends of the Fall,Legends of the Fall,12/16/1994,30000000
4515,Lions for Lambs,Lions for Lambs,10/22/2007,35000000
4518,Elizabeth,Elizabeth,9/13/1998,30000000
4523,Enchanted,Enchanted,11/20/2007,85000000
4551,Be Cool,Be Cool,3/4/2005,53000000
4588,"Lust, Caution",色‧戒,9/28/2007,15000000
4599,Raising Helen,Raising Helen,5/27/2004,50000000
4627,Krabat and the Legend of the Satanic Mill,Krabat,9/7/2008,8000000
4704,At Long Last Love,At Long Last Love,3/1/1975,6000000
4722,Body Snatchers,Body Snatchers,6/9/1993,13000000
4762,The Lost Honor of Katharina Blum,Die verlorene Ehre der Katharina Blum,10/10/1975,1000000
4858,The Invasion,The Invasion,8/17/2007,80000000
4896,Muxmäuschenstill,Muxmäuschenstill,1/28/2004,40000
4949,A Time for Killing,A Time for Killing,8/1/1967,2000000
4959,The International,The International,2/3/2009,50000000
4961,Mimic,Mimic,8/22/1997,30000000
4970,Gothika,Gothika,11/21/2003,40000000
5137,Sky Captain and the World of Tomorrow,Sky Captain and the World of Tomorrow,9/17/2004,70000000
5139,The Fox & the Child,Le Renard et l'Enfant,12/27/2007,13000000
5156,Bicycle Thieves,Ladri di biciclette,11/24/1948,133000
5157,Beneath the Valley of the Ultra-Vixens,Beneath the Valley of the Ultra-Vixens,5/11/1979,239000
5175,Rush Hour 2,Rush Hour 2,8/3/2001,90000000
5176,3:10 to Yuma,3:10 to Yuma,9/6/2007,55000000
5204,Control,Kontroll,11/20/2003,500000
5255,The Polar Express,The Polar Express,11/10/2004,165000000
5393,Happily N'Ever After,Happily N'Ever After,9/14/2006,47000000
5549,RoboCop 2,RoboCop 2,6/22/1990,35000000
5550,RoboCop 3,RoboCop 3,4/17/1993,22000000
5552,Immortal,Immortel (ad vitam),3/13/2004,24665810
5683,Pee-wee's Big Adventure,Pee-wee's Big Adventure,7/26/1985,6000000
5719,Mudhoney,Mudhoney,5/25/1965,60000
5721,Vixen!,Vixen!,10/15/1968,76000
5723,Once,Once,3/23/2007,160000
5741,Lorna,Lorna,9/11/1964,60000
5742,"Cherry, Harry & Raquel!","Cherry, Harry & Raquel!",4/22/1970,90000
5842,Versus,VERSUS -ヴァーサス-,10/23/2000,10000
5971,We're No Angels,We're No Angels,12/15/1989,20000000
6068,Six Days Seven Nights,Six Days Seven Nights,6/12/1998,70000000
6106,Salvador,Salvador,4/23/1986,4500000
6279,Sister Act 2: Back in the Habit,Sister Act 2: Back in the Habit,12/9/1993,38000000
6280,Junior,Junior,11/22/1994,60000000
6283,MouseHunt,MouseHunt,12/19/1997,38000000
6391,Jellyfish,Meduzot,5/5/2007,1800000
6439,Racing Stripes,Racing Stripes,1/6/2005,30000000
6519,The Dukes of Hazzard,The Dukes of Hazzard,8/5/2005,50000000
6557,27 Dresses,27 Dresses,1/10/2008,30000000
6593,Godzilla vs. Mechagodzilla II,ゴジラvsメカゴジラ,12/11/1993,9500000
6637,National Treasure: Book of Secrets,National Treasure: Book of Secrets,12/13/2007,130000000
6639,Love in the Time of Cholera,Love in the Time of Cholera,10/4/2007,45000000
6795,Zathura: A Space Adventure,Zathura: A Space Adventure,11/6/2005,65000000
6936,Ben X,Ben X,8/26/2007,1500000
6957,The 40 Year Old Virgin,The 40 Year Old Virgin,8/11/2005,26000000
7090,Ken Park,Ken Park,8/31/2002,1300000
7093,Vatel,Vatel,5/1/2000,35000000
7183,Perfect Stranger,Perfect Stranger,4/12/2007,60795000
7227,Airport '77,Airport '77,3/11/1977,6000000
7290,2001: A Space Travesty,2001: A Space Travesty,10/31/2000,26000000
7351,Julia,Julia,2/9/2008,6000000
7442,Sleeping with the Enemy,Sleeping with the Enemy,2/8/1991,19000000
7445,Brothers,Brothers,1/27/2009,26000000
7551,Déjà Vu,Déjà Vu,11/22/2006,75000000
7553,Waiting...,Waiting...,10/7/2005,3000000
7555,Rambo,Rambo,1/24/2008,50000000
7735,The Wave,Die Welle,3/11/2008,7500000
7840,"10,000 BC","10,000 BC",2/22/2008,105000000
7913,Rang De Basanti,Rang De Basanti,1/26/2006,2200000
7974,The Match Factory Girl,Tulitikkutehtaan tyttö,9/20/1990,474700
7983,Lowlands,Tiefland,2/11/1954,8500000
8005,Robin Hood: Men in Tights,Robin Hood: Men in Tights,7/28/1993,20000000
8009,Highlander,Highlander,3/7/1986,16000000
8011,Highlander: The Final Dimension,Highlander III: The Sorcerer,11/29/1994,26000000
8014,Valley of Flowers,Valley of Flowers,7/15/2006,6000000
8065,21,21,3/27/2008,35000000
8066,Stay,Stay,9/24/2005,50000000
8072,Alphaville,"Alphaville, une étrange aventure de Lemmy Caution",5/5/1965,220000
8073,Band of Outsiders,Bande à part,8/5/1964,120000
8077,Alien³,Alien³,5/22/1992,50000000
8090,Untraceable,Untraceable,1/22/2008,35000000
8202,Æon Flux,Æon Flux,11/30/2005,62000000
8209,1. Mai – Helden bei der Arbeit,1. Mai – Helden bei der Arbeit,2/8/2008,200000
8265,Welcome to the Sticks,Bienvenue chez les ch'tis,1/9/2008,11000000
8279,Paris,Paris,1/19/2008,19000000
8285,The Spirit,The Spirit,12/25/2008,60000000
8326,Holes,Holes,4/18/2003,20000000
8329,[REC],[REC],4/10/2007,1500000
8332,Antibodies,Antikörper,4/24/2005,1900000
8337,They Live,They Live,11/23/1988,4000000
8367,Robin Hood: Prince of Thieves,Robin Hood: Prince of Thieves,6/14/1991,48000000
8388,¡Three Amigos!,¡Three Amigos!,12/12/1986,25000000
8409,A Man Apart,A Man Apart,4/4/2003,36000000
8469,Animal House,Animal House,7/27/1978,2700000
8488,Hitch,Hitch,2/10/2005,70000000
8490,Borderline,Borderline,10/31/1980,8500000
8536,Superman II,Superman II,12/4/1980,54000000
8619,Master and Commander: The Far Side of the World,Master and Commander: The Far Side of the World,11/14/2003,150000000
8653,The Isle,섬,4/22/2000,50000
8681,Taken,Taken,2/18/2008,25000000
8698,The League of Extraordinary Gentlemen,The League of Extraordinary Gentlemen,7/11/2003,78000000
8699,Anchorman: The Legend of Ron Burgundy,Anchorman: The Legend of Ron Burgundy,7/9/2004,26000000
8814,Doom,Doom,10/20/2005,60000000
8836,The X Files: I Want to Believe,The X Files: I Want to Believe,7/24/2008,30000000
8840,DragonHeart,DragonHeart,5/31/1996,57000000
8843,The Cell,The Cell,8/17/2000,33000000
8849,Alfie,Alfie,10/22/2004,60000000
8856,"The Karate Kid, Part II","The Karate Kid, Part II",6/18/1986,113
8859,"Dude, Where’s My Car?","Dude, Where’s My Car?",12/15/2000,13000000
8860,Metro,Metro,1/16/1997,55000000
8871,How the Grinch Stole Christmas,How the Grinch Stole Christmas,11/17/2000,123000000
8880,Che: Part Two,Che: Part Two,1/24/2009,40000000
8881,Che: Part One,Che: Part One,9/5/2008,30000000
8884,Franklyn,Franklyn,10/16/2008,12000000
8895,Adoration,Adoration,1/1/2008,4700000
8896,Delta,Delta,9/11/2008,1500000
8898,The Headless Woman,La mujer sin cabeza,8/21/2008,2700000
8909,Wanted,Wanted,6/19/2008,75000000
8966,Twilight,Twilight,11/20/2008,37000000
8968,Boogeyman,Boogeyman,2/4/2005,20000000
8974,The War of the Worlds,The War of the Worlds,8/13/1953,2000000
8976,A Lot Like Love,A Lot Like Love,4/22/2005,30000000
8982,The Protector,ต้มยำกุ้ง,8/11/2005,6000000
8985,Visions of Europe,Visions of Europe,5/1/2004,2000000
8988,Stop-Loss,Stop-Loss,3/28/2008,25000000
9030,The Eye,The Eye,2/1/2008,12000000
9037,Grease 2,Grease 2,6/11/1982,13200000
9255,Hot Shots! Part Deux,Hot Shots! Part Deux,5/21/1993,25000000
9257,S.W.A.T.,S.W.A.T.,8/8/2003,80000000
9268,Eraser,Eraser,6/21/1996,100000000
9279,Jingle All the Way,Jingle All the Way,11/15/1996,60000000
9280,Femme Fatale,Femme Fatale,11/6/2002,35000000
9282,11:14,11:14,5/16/2003,6000000
9294,Phenomenon,Phenomenon,7/5/1996,32000000
9300,Orlando,Orlando,9/1/1992,4000000
9303,Bound,Bound,9/13/1996,4500000
9315,Flightplan,Flightplan,9/22/2005,55000000
9334,The Scorpion King,The Scorpion King,4/16/2002,60000000
9336,Police Academy,Police Academy,3/22/1984,4500000
9339,Click,Click,6/22/2006,82500000
9344,Kids,Kids,7/28/1995,1500000
9348,Species,Species,7/7/1995,35000000
9350,Cliffhanger,Cliffhanger,5/28/1993,70000000
9362,Tremors,Tremors,1/19/1990,11000000
9367,El Mariachi,El Mariachi,9/4/1992,220000
9425,Soldier,Soldier,10/23/1998,75000000
9426,The Fly,The Fly,8/15/1986,15000000
9430,Go,Go,4/9/1999,6500000
9431,Bordello of Blood,Bordello of Blood,8/16/1996,15000000
9452,Bulworth,Bulworth,5/15/1998,30000000
9464,Buffalo '66,Buffalo '66,1/20/1998,1500000
9472,DodgeBall: A True Underdog Story,DodgeBall: A True Underdog Story,6/18/2004,20000000
9479,The Nightmare Before Christmas,The Nightmare Before Christmas,10/9/1993,18000000
9486,Johnny English,Johnny English,4/6/2003,40000000
9488,Spy Kids 2: The Island of Lost Dreams,Spy Kids 2: The Island of Lost Dreams,8/7/2002,38000000
9490,Half Baked,Half Baked,1/16/1998,8000000
9495,The Crow,The Crow,5/11/1994,15000000
9509,Man on Fire,Man on Fire,4/23/2004,70000000
9510,1½ Knights - In Search of the Ravishing Princess Herzelinde,1½ Ritter - Auf der Suche nach der hinreißenden Herzelinde,12/17/2008,67000000
9529,Candyman,Candyman,10/16/1992,6000000
9534,Ferpect Crime,Crimen Ferpecto,9/10/2004,6000000
9536,Bio-Dome,Bio-Dome,1/12/1996,15000000
9544,FearDotCom,FearDotCom,8/9/2002,40000000
9551,Dieter - The Movie,Dieter - Der Film,3/4/2006,6907750
9557,Boat Trip,Boat Trip,10/1/2002,20000000
9567,Tears of the Sun,Tears of the Sun,3/7/2003,70000000
9576,Tootsie,Tootsie,12/16/1982,21000000
9616,The Order,The Order,9/5/2003,35000000
9626,Red Sonja,Red Sonja,4/9/1985,17900000
9636,Control,Control,12/7/2004,6800000
9651,Supergirl,Supergirl,11/19/1984,35000000
9665,Glory,Glory,12/15/1989,18000000
9669,Ringu 2,リング 2,1/23/1999,6000000
9674,Ringu 0,リング０　バースデイ,1/22/2000,6000000
9675,Sideways,Sideways,10/22/2004,16000000
9691,Assassins,Assassins,10/6/1995,50000000
9693,Children of Men,Children of Men,9/22/2006,76000000
9696,Ichi the Killer,Koroshiya 1,12/22/2001,1400000
9701,North Country,North Country,2/12/2005,35000000
9702,Bound by Honor,Bound by Honor,2/5/1993,35000000
9706,Rasen,Rasen,1/31/1998,2900000
9707,Bubba Ho-tep,Bubba Ho-tep,6/9/2002,1000000
9718,Talladega Nights: The Ballad of Ricky Bobby,Talladega Nights: The Ballad of Ricky Bobby,8/4/2006,72500000
9722,Bewitched,Bewitched,6/21/2005,85000000
9725,Friday the 13th Part 2,Friday the 13th Part 2,5/1/1981,1250000
9728,Friday the 13th Part III,Friday the 13th Part III,8/13/1982,4000000
9730,Friday the 13th: The Final Chapter,Friday the 13th: The Final Chapter,4/13/1984,2600000
9731,Friday the 13th: A New Beginning,Friday the 13th: A New Beginning,3/22/1985,2200000
9740,Hannibal,Hannibal,2/8/2001,87000000
9755,Bloodsuckers,Bloodsuckers,7/30/2005,1700000
9760,Epic Movie,Epic Movie,1/25/2007,20000000
9762,Step Up,Step Up,8/11/2006,12000000
9763,Goal!: The Dream Begins,Goal!: The Dream Begins,6/6/2005,30000000
9777,Proof,Proof,9/5/2005,20000000
9787,Lords of Dogtown,Lords of Dogtown,6/3/2005,25000000
9798,Enemy of the State,Enemy of the State,11/20/1998,90000000
9801,Bridget Jones: The Edge of Reason,Bridget Jones: The Edge of Reason,11/10/2004,50000000
9815,Goal! II: Living the Dream,Goal! II: Living the Dream,2/9/2007,230400
9828,Unknown,Unknown,11/3/2006,3700000
9879,Striptease,Striptease,6/28/1996,50000000
9904,The Wild,The Wild,3/6/2006,80000000
9923,Domino,Domino,9/22/2005,50000000
9945,Vampires,Vampires,4/15/1998,20000000
9958,Trailer Park Boys: The Movie,Trailer Park Boys: The Movie,10/6/2006,5000000
9959,Freedomland,Freedomland,2/17/2006,37665000
9975,Curious George,Curious George,2/10/2006,50000000
9978,Stormbreaker,Stormbreaker,7/21/2006,40000000
9988,Beerfest,Beerfest,8/25/2006,17500000
9989,Antitrust,Antitrust,1/12/2001,30000000
10016,Ghosts of Mars,Ghosts of Mars,8/24/2001,28000000
10023,Dragnet,Dragnet,6/25/1987,20000000
10027,Unleashed,Unleashed,2/2/2005,45000000
10028,Honey,Honey,11/24/2003,18000000
10041,Broken,Broken,1/1/2006,810000
10045,District B13,Banlieue 13,11/9/2004,12000000
10046,Blueberry,Blueberry,2/9/2004,53000000
10050,Get Over It,Get Over It,3/8/2001,10000000
10052,Dragonfly,Dragonfly,2/22/2002,60000000
10061,Escape from L.A.,Escape from L.A.,8/9/1996,50000000
10072,A Nightmare on Elm Street 3: Dream Warriors,A Nightmare on Elm Street 3: Dream Warriors,2/27/1987,5000000
10090,Reno 911!: Miami,Reno 911!: Miami,2/23/2007,10000000
10092,Cry_Wolf,Cry_Wolf,9/16/2005,1000000
10093,The Return,The Return,11/10/2006,15000000
10096,13 Going on 30,13 Going on 30,4/13/2004,37000000
10098,The Kid,The Kid,1/21/1921,250000
10105,Saints and Soldiers,Saints and Soldiers,9/11/2003,780000
10124,Heartstopper,Heartstopper,1/1/2006,3000000
10126,Colors,Colors,4/15/1988,6000000
10127,Critters 2,Critters 2,4/29/1988,4500000
10133,Cypher,Cypher,10/1/2002,7500000
10134,Cyborg,Cyborg,4/7/1989,500000
10140,The Chronicles of Narnia: The Voyage of the Dawn Treader,The Chronicles of Narnia: The Voyage of the Dawn Treader,8/13/2010,155000000
10149,Smoke,Smoke,6/9/1995,7000000
10152,Dumb and Dumberer: When Harry Met Lloyd,Dumb and Dumberer: When Harry Met Lloyd,6/13/2003,19000000
10153,Sphere,Sphere,2/13/1998,75000000
10156,History of the World: Part I,History of the World: Part I,6/12/1981,11000000
10160,A Nightmare on Elm Street 5: The Dream Child,A Nightmare on Elm Street 5: The Dream Child,8/11/1989,8000000
10161,My Left Foot: The Story of Christy Brown,My Left Foot: The Story of Christy Brown,7/21/1989,645180
10174,Madonna: Truth or Dare,Madonna: Truth or Dare,5/10/1991,4
10177,Evil Aliens,Evil Aliens,3/10/2006,500000
10188,The Sisterhood of the Traveling Pants 2,The Sisterhood of the Traveling Pants 2,8/6/2008,27000000
10195,Thor,Thor,4/21/2011,150000000
10197,Nine,Nine,12/3/2009,80000000
10198,The Princess and the Frog,The Princess and the Frog,12/8/2009,105000000
10200,The Day the Earth Stood Still,The Day the Earth Stood Still,12/10/2008,80000000
10208,Muppets from Space,Muppets from Space,7/14/1999,24000000
10218,Swingers,Swingers,10/18/1996,200000
10228,Pokémon: The First Movie: Mewtwo Strikes Back,劇場版ポケットモンスター ミュウツーの逆襲,7/18/1998,30000000
10251,5ive Girls,5ive Girls,1/1/2006,3000000
10253,Dragon Wars: D-War,디워,2/8/2007,70000000
10270,The Challenge,Kampfansage - Der letzte Schüler,1/1/2005,300000
10303,The Jewel of the Nile,The Jewel of the Nile,12/4/1985,25000000
10304,Starship Troopers 2: Hero of the Federation,Starship Troopers 2: Hero of the Federation,4/20/2004,7000000
10312,Patch Adams,Patch Adams,12/25/1998,50000000
10327,"Legally Blonde 2: Red, White & Blonde","Legally Blonde 2: Red, White & Blonde",7/2/2003,45000000
10337,Bugsy,Bugsy,12/10/1991,30000000
10338,Those Magnificent Men in Their Flying Machines or How I Flew from London to Paris in 25 hours 11 minutes,Those Magnificent Men in Their Flying Machines or How I Flew from London to Paris in 25 hours 11 minutes,6/3/1965,5600000
10355,Shiri,쉬리,2/13/1999,5000000
10368,Tea with Mussolini,Tea with Mussolini,3/25/1999,12000000
10370,Premutos: Lord of the Living Dead,Premutos - Der gefallene Engel,1/1/1997,150000
10375,D-Tox,D-Tox,1/4/2002,55000000
10378,Big Buck Bunny,Big Buck Bunny,4/10/2008,150000
10403,The Player,The Player,4/3/1992,8000000
10425,The Death and Life of Bobby Z,The Death and Life of Bobby Z,7/23/2007,22000000
10431,War,War,8/24/2007,25000000
10438,Beethoven's 2nd,Beethoven's 2nd,12/14/1993,15000000
10442,So I Married an Axe Murderer,So I Married an Axe Murderer,7/30/1993,20000000
10468,28 Days,28 Days,4/6/2000,43000000
10481,102 Dalmatians,102 Dalmatians,10/7/2000,85000000
10483,Death Race,Death Race,8/22/2008,45000000
10523,W.,W.,10/17/2008,25100000
10538,Passenger 57,Passenger 57,11/5/1992,15000000
10539,James and the Giant Peach,James and the Giant Peach,4/12/1996,38000000
10546,The Crow: City of Angels,The Crow: City of Angels,8/29/1996,13000000
10575,Heaven,Heaven,2/6/2002,11000000
10577,Dracula 2000,Dracula 2000,12/22/2000,28000000
10585,Child's Play,Child's Play,11/8/1988,9000000
10596,Replicant,Replicant,5/11/2001,17000000
10598,Dirty,Dirty,11/10/2005,3000000
10611,Barbershop,Barbershop,4/1/2002,12000000
10627,Taps,Taps,12/20/1981,14000000
10630,Führer Ex,Führer Ex,8/31/2002,6854500
10637,Remember the Titans,Remember the Titans,9/29/2000,30000000
10654,Hair,Hair,3/14/1979,11000000
10656,Subway,Subway,4/10/1985,2000000
10661,You Don't Mess with the Zohan,You Don't Mess with the Zohan,6/5/2008,90000000
10664,[REC]²,[REC]²,9/15/2009,5600000
10669,Deliverance,Deliverance,7/30/1972,2000000
10671,Airport,Airport,3/5/1970,10000000
10675,Frantic,Frantic,2/16/1988,20000000
10676,Halloween III: Season of the Witch,Halloween III: Season of the Witch,10/22/1982,2500000
10681,WALL·E,WALL·E,6/22/2008,180000000
10683,Happiness,Happiness,10/16/1998,3000000
10691,Crazy/Beautiful,Crazy/Beautiful,6/29/2001,13000000
10706,Mimic 2,Mimic 2,7/17/2001,10000000
10715,Looney Tunes: Back in Action,Looney Tunes: Back in Action,11/14/2003,80000000
10718,Torque,Torque,1/16/2004,40000000
10720,Down with Love,Down with Love,5/8/2003,35000000
10726,American Psycho 2: All American Girl,American Psycho 2: All American Girl,4/22/2002,10000000
10731,The Client,The Client,7/20/1994,45000000
10734,Escape from Alcatraz,Escape from Alcatraz,6/22/1979,8000000
10740,Birth,Birth,9/8/2004,20000000
10766,Damien: Omen II,Damien: Omen II,6/9/1978,6800000
10781,The Texas Chainsaw Massacre: The Beginning,The Texas Chainsaw Massacre: The Beginning,10/6/2006,16000000
10796,The One,The One,11/2/2001,49000000
10799,Empire of the Wolves,L'Empire des loups,4/20/2005,24000000
10802,Showgirls,Showgirls,9/22/1995,45000000
10833,Heartbreakers,Heartbreakers,3/23/2001,35000000
10845,2001 Maniacs,2001 Maniacs,5/12/2005,3000000
10862,Bounce,Bounce,11/15/2000,35000000
10871,Switchback,Switchback,10/31/1997,37000000
10872,The Ref,The Ref,3/9/1994,11000000
10890,Stripes,Stripes,6/25/1981,10000000
10894,May,May,1/13/2002,500000
10900,Surveillance,Surveillance,2/8/2008,3500000
10906,Pet Sematary II,Pet Sematary II,8/28/1992,8000000
10909,Kalifornia,Kalifornia,9/1/1993,9000000
10911,The Guns of Navarone,The Guns of Navarone,4/27/1961,6000000
10944,In the Cut,In the Cut,9/9/2003,12000000
10946,Earth,Earth,4/22/2007,15000000
10948,The Fox and the Hound,The Fox and the Hound,7/10/1981,12000000
10972,Session 9,Session 9,8/10/2001,1500000
10991,Pokémon: Spell of the Unknown,Pokémon 3: The Movie,7/8/2000,16000000
11011,Ri¢hie Ri¢h,Ri¢hie Ri¢h,12/19/1994,40000000
11042,The Barbarian Invasions,Les Invasions barbares,5/21/2003,8000000
11045,Taxi,Taxi,10/6/2004,25000000
11085,Mutiny on the Bounty,Mutiny on the Bounty,11/8/1962,19000000
11090,The Animal,The Animal,6/1/2001,22000000
11119,Fortress 2,Fortress 2,10/7/1999,11000000
11123,Earthquake,Earthquake,11/15/1974,7000000
11128,Ladder 49,Ladder 49,10/1/2004,60000000
11132,Confessions of a Teenage Drama Queen,Confessions of a Teenage Drama Queen,2/17/2004,15000000
11134,Police Story 3: Supercop,警察故事 III：超級警察,7/4/1992,900000
11158,Honey I Blew Up the Kid,Honey I Blew Up the Kid,7/16/1992,40000000
11159,Secrets & Lies,Secrets & Lies,5/24/1996,4500000
11165,Tora! Tora! Tora!,Tora! Tora! Tora!,1/26/1970,25485000
11169,Spartan,Spartan,3/12/2004,19250000
11188,Curse of the Ring,Ring of the Nibelungs,11/19/2004,23000000
11202,Patton,Patton,1/25/1970,12000000
11227,Angel-A,Angel-A,12/21/2005,15000000
11229,Freeway,Freeway,8/23/1996,3000000
11247,A Cinderella Story,A Cinderella Story,7/10/2004,19000000
11253,Hellboy II: The Golden Army,Hellboy II: The Golden Army,7/11/2008,85000000
11298,The Howling,The Howling,4/3/1981,1000000
11302,Bananas,Bananas,4/28/1971,2000000
11329,Runaway Jury,Runaway Jury,10/9/2003,60000000
11357,Halloween 4: The Return of Michael Myers,Halloween 4: The Return of Michael Myers,10/21/1988,5000000
11374,Edtv,Edtv,3/26/1999,80000000
11380,Bones,Bones,10/24/2001,10000000
11395,The Santa Clause,The Santa Clause,11/10/1994,22000000
11400,The New World,The New World,12/25/2005,30000000
11411,Superman IV: The Quest for Peace,Superman IV: The Quest for Peace,7/23/1987,17000000
11451,Herbie Fully Loaded,Herbie Fully Loaded,6/22/2005,50000000
11452,National Lampoon’s Van Wilder,National Lampoon’s Van Wilder,3/29/2002,5000000
11457,Life as a House,Life as a House,10/25/2001,18000000
11462,Suspicion,Suspicion,11/14/1941,1103000
11511,Kazaam,Kazaam,7/17/1996,20000000
11519,1941,1941,12/13/1979,35000000
11540,Adventures of Arsene Lupin,Arsène Lupin,9/17/2004,23000000
11542,Altered States,Altered States,12/25/1980,15000000
11559,Tideland,Tideland,9/9/2005,12000000
11561,Sleeper,Sleeper,12/17/1973,2000000
11577,Pat Garrett & Billy the Kid,Pat Garrett & Billy the Kid,5/23/1973,4638783
11583,The First Great Train Robbery,The First Great Train Robbery,1/25/1979,6000000
11592,Serial Mom,Serial Mom,4/13/1994,13000000
11598,The Kentucky Fried Movie,The Kentucky Fried Movie,8/10/1977,600000
11624,Everything You Always Wanted to Know About Sex *But Were Afraid to Ask,Everything You Always Wanted to Know About Sex *But Were Afraid to Ask,8/6/1972,2000000
11631,Mamma Mia!,Mamma Mia!,7/3/2008,52000000
11645,Ran,乱,6/1/1985,11500000
11651,Hui Buh,"Hui Buh, das Schlossgespenst",7/20/2006,10000000
11660,Following,Following,9/12/1998,6000
11662,Casshern,キャシャーン,4/24/2004,6000000
11675,Halloween: H20,Halloween: H20,8/5/1998,17000000
11679,xXx: State of the Union,xXx: State of the Union,4/27/2005,60000000
11683,Land of the Dead,Land of the Dead,6/24/2005,15000000
11699,The Bad Lieutenant: Port of Call - New Orleans,The Bad Lieutenant: Port of Call - New Orleans,9/11/2009,25000000
11777,I.Q.,I.Q.,12/24/1994,25000000
11798,This Is England,This Is England,9/12/2006,2380000
11815,The Fly,The Fly,7/16/1958,700000
11838,Ju-on: The Grudge,呪怨じゅおん,10/18/2002,3500000
11860,Sabrina,Sabrina,12/15/1995,58000000
11861,How To Make An American Quilt,How To Make An American Quilt,10/6/1995,10000000
11866,Flight of the Phoenix,Flight of the Phoenix,12/17/2004,45000000
11896,Throw Momma from the Train,Throw Momma from the Train,12/11/1987,14000000
11910,Hogfather,Hogfather,12/18/2006,9364800
11930,A2 Racer,Autobahnraser,2/19/2004,7200000
11933,Nothing but Trouble,Nothing but Trouble,2/14/1991,40000000
11934,The Hudsucker Proxy,The Hudsucker Proxy,3/11/1994,30000000
11958,"Not For, or Against (Quite the Contrary)","Ni pour, ni contre (bien au contraire)",3/5/2003,10000000
11978,Men of Honor,Men of Honor,9/13/2000,32000000
12086,Machuca,Machuca,2/24/2004,1500000
12107,Nutty Professor II: The Klumps,Nutty Professor II: The Klumps,7/27/2000,84000000
12117,Instinct,Instinct,6/4/1999,80000000
12138,3000 Miles to Graceland,3000 Miles to Graceland,2/23/2001,62000000
12146,The Missing,The Missing,11/26/2003,60000000
12182,Nick and Norah's Infinite Playlist,Nick and Norah's Infinite Playlist,10/3/2008,9000000
12222,Horton Hears a Who!,Horton Hears a Who!,3/3/2008,85000000
12230,One Hundred and One Dalmatians,One Hundred and One Dalmatians,1/25/1961,4000000
12233,Oliver & Company,Oliver & Company,11/18/1988,31000000
12241,Curdled,Curdled,9/6/1996,2300000
12244,9,9,8/19/2009,30000000
12279,Spy Kids 3-D: Game Over,Spy Kids 3-D: Game Over,7/25/2003,38000000
12289,Red Cliff,Chi bi,7/10/2008,80341000
12311,Mutiny on the Bounty,Mutiny on the Bounty,11/8/1935,1950000
12400,Redbelt,Redbelt,4/7/2008,7000000
12404,Me and Orson Welles,Me and Orson Welles,11/25/2009,25000000
12412,Miracle at St. Anna,Miracle at St. Anna,9/15/2008,45000000
12445,Harry Potter and the Deathly Hallows: Part 2,Harry Potter and the Deathly Hallows: Part 2,7/7/2011,125000000
12454,All or Nothing,All or Nothing,5/17/2002,9000000
12483,Riding the Bullet,Riding the Bullet,10/15/2004,5000000
12509,Pollock,Pollock,9/6/2000,6
12521,Shocker,Shocker,10/27/1989,5000000
12599,Pokémon: The Movie 2000,劇場版ポケットモンスター 幻のポケモン ルギア爆誕,7/17/1999,30000000
12636,Godzilla Against MechaGodzilla,ゴジラ×メカゴジラ,11/2/2002,8500000
12645,Inhale,Inhale,8/27/2010,10000000
12653,Romasanta,Romasanta,5/13/2004,4500000
12683,Alone in the Dark 2,Alone in the Dark 2,9/1/2008,4600000
12699,Hellraiser: Hellworld,Hellraiser: Hellworld,9/6/2005,5000000
12707,Orca: The Killer Whale,Orca: The Killer Whale,7/22/1977,6000000
12709,Ridicule,Ridicule,5/9/1996,3000000
12764,Missing in Action 2: The Beginning,Missing in Action 2: The Beginning,3/1/1985,2410000
12819,Alpha and Omega,Alpha and Omega,9/17/2010,20000000
12828,No. 2,No. 2,2/16/2006,5000000
13019,Young People Fucking,Young People Fucking,9/5/2007,1500000
13055,Chance,Chance,9/22/2002,75000
13075,Sherrybaby,Sherrybaby,9/8/2006,2000000
13092,How to Lose Friends & Alienate People,How to Lose Friends & Alienate People,10/2/2008,27000000
13120,In Search of a Midnight Kiss,In Search of a Midnight Kiss,4/27/2007,25000
13185,Kidulthood,Kidulthood,3/3/2006,994000
13192,Moonwalker,Moonwalker,10/29/1988,22000000
13209,Offside,Offside,5/26/2006,2500
13221,The Kautokeino Rebellion,Kautokeino-opprøret,1/18/2008,7300000
13245,Atanarjuat: The Fast Runner,Atanarjuat,2/1/2002,1934000
13251,The Walker,The Walker,2/13/2007,10000000
13275,Annapolis,Annapolis,1/27/2006,26000000
13291,Traitor,Traitor,8/23/2008,22000000
13310,Let the Right One In,Låt den rätte komma in,1/26/2008,4000000
13312,Inside,À l'intérieur,6/13/2007,3000000
13321,Lifeboat,Lifeboat,1/11/1944,1590000
13335,Harold & Kumar Escape from Guantanamo Bay,Harold & Kumar Escape from Guantanamo Bay,4/25/2008,12000000
13341,Bad News Bears,Bad News Bears,7/22/2005,30000000
13343,The Ghost & Mr. Chicken,The Ghost & Mr. Chicken,1/20/1966,700000
13360,Highlander V: The Source,Highlander V: The Source,2/6/2007,13000000
13377,How the Grinch Stole Christmas!,How the Grinch Stole Christmas!,12/18/1966,315000
13387,Transporter 3,Transporter 3,11/26/2008,30000000
13474,P2,P2,11/9/2007,8000000
13492,Frontier(s),Frontière(s),7/1/2007,3000000
13495,Alatriste,Alatriste,9/1/2006,24000000
13506,Admiral,Адмиралъ,6/6/2008,2000000
13507,Intimate Enemies,L'ennemi Intime,1/1/2007,9780000
13519,The Stand,The Stand,1/1/1994,28000000
13536,City By The Sea,City By The Sea,9/6/2002,40000000
13560,Max,Max,9/10/2002,11000000
13596,My Best Friend's Girl,My Best Friend's Girl,9/19/2008,20000000
13611,Heckler,Heckler,1/1/2007,250000
13617,The Man Who Loved Yngve,Mannen som elsket Yngve,2/15/2008,2200000
13665,Arthur,Arthur,7/17/1981,7000000
13704,License to Drive,License to Drive,7/6/1988,8000000
13764,Santa Claus: The Movie,Santa Claus: The Movie,10/29/1985,50000000
13766,SpaceCamp,SpaceCamp,6/6/1986,18000000
13767,The Santa Clause 3: The Escape Clause,The Santa Clause 3: The Escape Clause,11/1/2006,12000000
13804,Fast & Furious,Fast & Furious,4/2/2009,85000000
13805,Disaster Movie,Disaster Movie,8/29/2008,25000000
13809,RockNRolla,RockNRolla,9/4/2008,18000000
13812,Quarantine,Quarantine,10/10/2008,12000000
13820,Repo Man,Repo Man,2/20/1984,1500000
13836,Race to Witch Mountain,Race to Witch Mountain,3/12/2009,50000000
13848,Stuck,Stuck,5/21/2007,5000000
13851,Batman: Gotham Knight,Batman: Gotham Knight,7/3/2008,3500000
13856,Special,Special,1/30/2006,1000000
13885,Sweeney Todd: The Demon Barber of Fleet Street,Sweeney Todd: The Demon Barber of Fleet Street,12/20/2007,50000000
13915,Waydowntown,Waydowntown,1/1/2000,555000
13960,ATL,ATL,3/31/2006,20000000
13972,The Women,The Women,9/12/2008,16000000
13973,Choke,Choke,9/26/2008,3000000
13991,College,College,8/28/2008,7000000
14002,Baraka,Baraka,9/15/1992,4000000
14029,Demons,Dèmoni,10/4/1985,1800000
14044,Assembly,Ji jie hao,10/9/2007,16000000
14062,0.45,Calibre 45,11/30/2006,5000000
14070,Ghajini,Ghajini,12/25/2008,9100000
14097,9th Company,9 рота,9/19/2005,9500000
14139,Timecrimes,Los cronocrímenes,9/20/2007,2600000
14164,Dragonball Evolution,Dragonball Evolution,4/1/2009,100000000
14173,Princess,Princess,6/16/2006,8
14174,Lie with Me,Lie with Me,9/10/2005,2200000
14180,Submerged,Submerged,5/6/2005,15000000
14195,Cecil B. Demented,Cecil B. Demented,5/17/2000,10000000
14234,Ploy,Ploy,5/21/2007,2000000
14269,Polyester,Polyester,5/29/1981,300000
14277,Loose Change: 2nd Edition,Loose Change: 2nd Edition,6/1/2006,5000
14278,Murderball,Murderball,7/22/2005,300000
14292,Miracle,Miracle,2/6/2004,28000000
14306,Marley & Me,Marley & Me,12/25/2008,60000000
14375,Romanzo criminale,Romanzo criminale,9/30/2005,818418
14396,Code Name: The Cleaner,Code Name: The Cleaner,1/5/2007,20000000
14460,Battle Beyond the Stars,Battle Beyond the Stars,9/8/1980,2000000
14467,Jaane Tu... Ya Jaane Na,Jaane Tu... Ya Jaane Na,7/4/2008,2300000
14510,From Beyond,From Beyond,6/5/1986,4500000
14518,Peter & the Wolf,Peter & the Wolf,9/23/2006,2300000
14534,Rudy,Rudy,9/17/1993,12000000
14536,New in Town,New in Town,1/30/2009,8000000
14552,"Have Dreams, Will Travel","Have Dreams, Will Travel",5/21/2007,5000000
14556,Anything for Her,Pour elle,12/3/2008,10000000
14564,Rings,Rings,2/1/2017,25000000
14569,I-See-You.Com,I-See-You.Com,3/8/2006,6200000
14570,Gymkata,Gymkata,5/3/1985,8500000
14574,The Boy in the Striped Pyjamas,The Boy in the Striped Pyjamas,5/7/2008,12500000
14575,The Crew,The Crew,10/1/2008,3600000
14576,Shade,Shade,5/18/2003,6800000
14631,The Work and the Glory II: American Zion,The Work and the Glory II: American Zion,10/21/2005,6500000
14687,Eichmann,Eichmann,9/22/2007,8000000
14695,Havoc,Havoc,10/16/2005,9000000
14757,Osama,Osama,5/20/2003,46000
14788,Bubble,Bubble,9/3/2005,1600000
14806,Impulse,Impulse,4/15/2008,2000000
14811,Fiddler on the Roof,Fiddler on the Roof,11/3/1971,9000000
14842,44 Minutes: The North Hollywood Shoot-Out,44 Minutes: The North Hollywood Shoot-Out,1/1/2003,10000000
14913,Boogeyman 2,Boogeyman 2,10/20/2007,4500000
14919,Batman: Mask of the Phantasm,Batman: Mask of the Phantasm,12/25/1993,6000000
14924,Sid & Nancy,Sid & Nancy,11/7/1986,4000000
15012,Linewatch,Linewatch,1/1/2008,5000000
15028,Clockstoppers,Clockstoppers,3/17/2002,26000000
15056,The Curse of King Tut's Tomb,The Curse of King Tut's Tomb,4/11/2006,14000000
15059,The Loss of Sexual Innocence,The Loss of Sexual Innocence,4/29/1999,4000000
15067,"The Good, The Bad, The Weird","좋은 놈, 나쁜 놈, 이상한 놈",7/16/2008,10000000
15092,Crank: High Voltage,Crank: High Voltage,4/16/2009,20000000
15125,Dante 01,Dante 01,1/2/2008,8000000
15144,Sixteen Candles,Sixteen Candles,5/4/1984,6500000
15206,The Mother of Tears,La terza madre,9/6/2007,3500000
15212,Species: The Awakening,Species: The Awakening,10/2/2007,3800000
15237,De-Lovely,De-Lovely,7/2/2004,20000000
15256,200 Cigarettes,200 Cigarettes,2/26/1999,6000000
15268,Street Fighter: The Legend of Chun-Li,Street Fighter: The Legend of Chun-Li,2/27/2009,50000000
15324,Steal This Film,Steal This Film,8/21/2006,3000
15378,The Grand,The Grand,6/7/2007,5400000
15384,Red Cliff Part II,赤壁 2,1/7/2009,80000000
15423,Hood of Horror,Hood of Horror,6/27/2006,5000000
15476,7eventy 5ive,7eventy 5ive,5/16/2007,3000000
15493,Star Wreck: In the Pirkinning,Star Wreck: In the Pirkinning,8/20/2005,16398
15512,Monsters vs Aliens,Monsters vs Aliens,3/19/2009,175000000
15515,The 7th Voyage of Sinbad,The 7th Voyage of Sinbad,12/5/1958,650000
15644,Paparazzi,Paparazzi,9/3/2004,20000000
15681,Ex,Ex,2/6/2009,10000000
15691,Doctor Who,Doctor Who,3/31/1996,5000000
15701,The Irrefutable Truth About Demons,The Irrefutable Truth About Demons,5/1/2000,500000
15745,Made,Made,7/13/2001,5000000
15761,Company,Company,4/15/2002,1500000
15772,Guru,गुरु,1/12/2007,4700000
15774,"Swades: We, the People",Swades,12/17/2004,5000000
15785,Cherry 2000,Cherry 2000,11/12/1987,10000000
15803,Multi-Facial,Multi-Facial,1/1/1995,3000
15907,Duma,Duma,4/22/2005,12000000
15927,A Passage to India,A Passage to India,12/14/1984,8000000
15978,Naina,Naina,5/20/2005,500000
15979,Phoonk,Phoonk,8/22/2008,750000
15992,Abandon,Abandon,10/14/2002,25000000
16003,The Hunters,Jägarna,1/31/1996,17500000
16081,Doctor Dolittle,Doctor Dolittle,12/19/1967,18000000
16119,Cinderella III: A Twist in Time,Cinderella III: A Twist in Time,2/6/2007,8000000
16147,Aurore,Aurore,7/8/2005,6000000
16225,Heavy Metal 2000,Heavy Metal 2000,4/19/2000,15000000
16232,Mr. 3000,Mr. 3000,6/15/2004,30000000
16233,Tromeo & Juliet,Tromeo & Juliet,5/13/1996,350000
16261,Repli-Kate,Repli-Kate,1/18/2002,4000000
16266,2012 Doomsday,2012 Doomsday,2/12/2008,250000
16290,Jackass 3D,Jackass 3D,10/15/2010,20000000
16340,Rugrats in Paris: The Movie,Rugrats in Paris: The Movie,9/14/2000,30
16345,Billu,Billu,2/13/2009,5750000
16387,Daleks' Invasion Earth: 2150 A.D.,Daleks' Invasion Earth: 2150 A.D.,1/1/1966,797681
16403,Tears for Sale,Čarlston za Ognjenku,1/30/2008,6000000
16437,Cyborg 2,Cyborg 2,11/24/1993,5000000
16455,The Magic Roundabout,The Magic Roundabout,1/19/2005,20000000
16551,Rhinestone,Rhinestone,6/22/1984,28000000
16555,Daddy's Little Girls,Daddy's Little Girls,2/14/2007,10000000
16617,Mindhunters,Mindhunters,5/7/2004,27000000
16687,Wushu,Wushu,10/23/2008,4000000
16690,Return to Never Land,Return to Never Land,2/14/2002,20000000
16763,Joy Ride 2: Dead Ahead,Joy Ride 2: Dead Ahead,10/7/2008,5000000
16771,Barcelona,Barcelona,7/29/1994,3200000
16781,Madea's Family Reunion,Madea's Family Reunion,2/24/2006,6000000
16784,Welcome to Mooseport,Welcome to Mooseport,2/24/2004,30000000
16820,F/X2,F/X2,4/16/1991,16400000
16871,Drag Me to Hell,Drag Me to Hell,3/15/2009,30000000
16941,Intermission,Intermission,8/29/2003,5000000
16980,The Last Days of Disco,The Last Days of Disco,5/29/1998,8000000
16999,Fire and Ice: The Dragon Chronicles,Fire and Ice: The Dragon Chronicles,9/18/2008,3000000
17010,The Ketchup Effect,Hip Hip Hora!,1/24/2004,2
17077,Everlasting Moments,Maria Larssons eviga ögonblick,9/24/2008,70000000
17086,Chromophobia,Chromophobia,1/1/2005,10000000
17139,Character,Karakter,4/17/1997,4500000
17202,Why Did I Get Married?,Why Did I Get Married?,10/12/2007,15000000
17295,The Battle of Algiers,La battaglia di Algeri,9/8/1966,800000
17303,The Devil Dared Me To,The Devil Dared Me To,10/11/2007,859314
17320,The TV Set,The TV Set,4/28/2006,2000000
17334,The Other End of the Line,The Other End of the Line,10/29/2008,14000000
17339,Force 10 from Navarone,Force 10 from Navarone,11/1/1978,5000000
17360,Escape to Victory,Escape to Victory,6/17/1981,10000000
17375,Rolling,Rolling,1/1/2007,500000
17450,Pennies from Heaven,Pennies from Heaven,12/11/1981,22000000
17456,BloodRayne: Deliverance,BloodRayne II: Deliverance,9/18/2007,10000000
17470,Arc,Arc,10/20/2006,650000
17478,Dhoom,Dhoom,8/27/2004,1500000
17501,Don : The Chase Begins Again,Don : The Chase Begins Again,10/20/2006,7100000
17600,Spanking the Monkey,Spanking the Monkey,1/15/1994,200000
17632,The Hunt for Gollum,The Hunt for Gollum,5/4/2009,5000
17692,Jaws 3-D,Jaws 3-D,3/16/1983,20500000
17780,A Kind of America 2,Valami Amerika 2,12/18/2008,1500000
17794,Quest for a Heart,Röllin Sydän,12/14/2007,6000000
17845,Loft,Loft,10/21/2008,4185000
17909,Who's Singin' Over There?,Ko to tamo peva,1/1/1980,120000
17926,Undiscovered,Undiscovered,8/26/2005,9000000
17935,Iron & Blood: The Legend of Taras Bulba,Taras Bulba,4/2/2009,25000000
18009,Leprechaun 2,Leprechaun 2,4/7/1994,2000000
18041,Gossip,Gossip,4/21/2000,14000000
18164,Twelve and Holding,Twelve and Holding,9/11/2005,400000
18239,The Twilight Saga: New Moon,The Twilight Saga: New Moon,3/15/2009,50000000
18254,Reds,Reds,12/25/1981,32000000
18442,Decoys,Decoys,2/27/2004,5000000
18467,Spiral,Spiral,1/1/2007,1500000
18472,Driven To Kill,Driven To Kill,5/1/2009,10000000
18476,Horsemen,Horsemen,2/6/2009,20000000
18477,The Hills Have Eyes Part II,The Hills Have Eyes Part II,6/1/1984,700000
18480,Brüno,Brüno,7/8/2009,42000000
18498,Ghoulies,Ghoulies,11/8/1984,1000000
18533,Bronson,Bronson,10/9/2008,230000
18573,House of Wax,House of Wax,4/10/1953,658000
18587,10 to Midnight,10 to Midnight,3/11/1983,4520000
18634,Puzzlehead,Puzzlehead,4/21/2005,500000
18707,"Twinkle, Twinkle, Lucky Stars",夏日福星,8/15/1985,9023199
18724,Attack of the 50 Foot Woman,Attack of the 50 Foot Woman,5/19/1958,88000
18874,Ghost in the Shell: Stand Alone Complex - Solid State Society,Kôkaku kidôtai: Stand Alone Complex - Solid State Society,2/23/2007,3200000
18882,Man-Thing,Man-Thing,4/21/2005,7500000
18884,Nuremberg,Nuremberg,7/16/2000,24000000
18940,Secrets Of State,Secret Défense,12/10/2008,15000000
18983,"Godzilla, King of the Monsters!","Godzilla, King of the Monsters!",4/27/1956,650000
18994,Tarzan and His Mate,Tarzan and His Mate,4/20/1934,95
19085,Vulgar,Vulgar,9/13/2000,120000
19106,Lascars,Lascars,6/17/2009,12500000
19116,Asylum,Asylum,3/20/2008,22000000
19143,Diggstown,Diggstown,8/14/1992,17000000
19152,Zift,Дзифт,6/27/2008,796442
19158,Graveyard Shift,Graveyard Shift,10/26/1990,10500000
19166,House Of 9,House Of 9,1/1/2005,6000000
19213,Pledge This!,Pledge This!,12/1/2006,8300000
19275,Future by Design,Future by Design,6/10/2006,250000
19405,Recess: School's Out,Recess: School's Out,1/27/2001,10000000
19486,Cyborg She,僕の彼女はサイボーグ,5/31/2008,8500000
19585,G-Force,G-Force,7/21/2009,150000000
19611,Connected,Bo chi tung wah,9/25/2008,5750000
19620,Bluffmaster!,Bluffmaster!,1/1/2005,1823152
19623,Drona,Drona,10/2/2008,15000000
19624,Fashion,Fashion,10/29/2008,5000000
19644,Silmido,실미도,12/24/2003,8000000
19666,Lagaan: Once Upon a Time in India,लगान,6/15/2001,5200000
19703,A Wednesday!,अ वेडनसडे,9/5/2008,1400000
19719,LolliLove,LolliLove,11/21/2004,2000
19723,The League of Gentlemen's Apocalypse,The League of Gentlemen's Apocalypse,6/3/2005,4
19738,Revolutionary Girl Utena: The Movie,少女革命ウテナ アドゥレセンス黙示録,8/14/1999,998000
19792,Firestarter 2: Rekindled,Firestarter 2: Rekindled,3/10/2002,10000000
19827,The In-Laws,The In-Laws,6/15/1979,9000000
19901,Daybreakers,Daybreakers,1/6/2009,20000000
19939,Cape No. 7,海角七號,8/22/2008,16000000
19959,Surrogates,Surrogates,9/24/2009,80000000
19980,99,99,5/15/2009,3000000
20002,Chandni Chowk To China,Chandni Chowk To China,1/16/2009,10500000
20009,Slackers,Slackers,2/1/2002,14000000
20043,Royal Space Force - The Wings Of Honneamise,王立宇宙軍 オネアミスの翼,3/14/1987,8000000
20049,Ayan,Ayan,4/3/2009,3230939
20128,Life Is a Miracle,Život je čudo,5/14/2004,8000000
20200,Narco,Narco,12/1/2004,823258
20268,Last Stop 174,Última Parada 174,10/24/2008,4700000
20312,Interstate 60,Interstate 60,4/13/2002,7000000
20345,The Bird with the Crystal Plumage,L'uccello dalle piume di cristallo,2/19/1970,500000
20367,Detour,Detour,11/30/1945,30
20375,Raid,Raid,1/31/2003,2000000
20421,Rock-A-Doodle,Rock-A-Doodle,8/2/1991,18000000
20449,The Ghost,Domovoy,11/13/2008,3000000
20453,3 Idiots,3 Idiots,12/23/2009,9000000
20465,StageFright: Aquarius,Deliria,2/8/1987,1000000
20481,Nightbreed,Nightbreed,2/16/1990,11000000
20493,Love Story 2050,Love Story 2050,7/4/2008,20000000
20526,TRON: Legacy,TRON: Legacy,12/10/2010,170000000
20542,Delgo,Delgo,12/12/2008,40000000
20637,Panic,Panic,12/1/2000,1000000
20649,Clockers,Clockers,9/15/1995,25000000
20651,Parineeta,Parineeta,6/10/2005,6250000
20688,Kaminey,Kaminey,8/14/2009,9000000
20701,Tales from the Darkside: The Movie,Tales from the Darkside: The Movie,5/3/1990,3500000
20714,12,12,6/6/2007,4000000
20742,Shootout at Lokhandwala,Shootout at Lokhandwala,5/25/2007,11000000
20761,Play It to the Bone,Play It to the Bone,12/25/1999,24000000
20794,Novocaine,Novocaine,11/23/2001,6000000
20842,Children Shouldn't Play with Dead Things,Children Shouldn't Play with Dead Things,2/28/1973,70000
20893,Shadowheart,Shadowheart,8/4/2009,10000000
20993,Brother 2,Брат 2,1/1/2000,1500000
21033,Beautiful,Beautiful,4/27/2009,1500000
21041,The Third Wave,Den tredje vågen,10/15/2003,4667404
21052,Levity,Levity,3/16/2003,7500000
21175,Lakshya,Lakshya,6/18/2004,483719
21244,Cyclomania,Cyclomania,1/1/2001,1353676
21259,Testament,Testament,11/4/1983,1500000
21291,Dad,Dad,10/27/1989,19000000
21297,Wake Up Sid,Wake Up Sid,10/2/2009,3000000
21301,Barbershop 2:  Back in Business,Barbershop 2:  Back in Business,1/20/2004,18000000
21356,Rock & Rule,Rock & Rule,4/15/1983,8000000
21398,Grace,Grace,8/14/2009,5000000
21407,The Collector,The Collector,7/9/2009,3400000
21509,The Cook,The Cook,4/1/2008,210000
21570,Rangeela,Rangeela,1/1/1995,2800000
21588,Cemetery Man,Dellamorte Dellamore,3/25/1994,4000000
21627,Crimewave,Crimewave,9/19/1985,3000000
21778,RRRrrrr!!!,RRRrrrr!!!,1/28/2004,17820000
21878,The Line,La Linea,11/4/2008,7500000
21905,Shabd,Shabd,2/4/2005,2500000
21925,Naqoyqatsi,Naqoyqatsi,9/2/2002,3000000
21935,The Haunting Hour: Don't Think About It,The Haunting Hour: Don't Think About It,9/4/2007,3000000
22004,Trespass,Trespass,12/25/1992,14000000
22033,Cry of the Banshee,Cry of the Banshee,7/22/1970,500000
22059,The Fantastic Four,The Fantastic Four,1/1/1994,1500000
22152,Lymelife,Lymelife,9/8/2008,1500000
22171,Ms .45,Ms .45,4/24/1981,62000
22215,Cheri,Chéri,2/10/2009,23000000
22256,Without Limits,Without Limits,9/11/1998,25000000
22307,Sisters,Sisters,3/27/1973,500000
22315,Aitraaz,Aitraaz,11/12/2004,3500000
22448,Awarapan,Awarapan,6/29/2007,6000000
22554,The Subtenant,Kummeli Alivuokralainen,9/12/2008,1300000
22649,A Farewell to Arms,A Farewell to Arms,12/8/1932,4
22717,Wanted,वांटेड,9/18/2009,75
22794,Cloudy with a Chance of Meatballs,Cloudy with a Chance of Meatballs,9/17/2009,100000000
22817,Disaster!,Disaster!,7/20/2006,2980000
22825,The Box,The Box,9/17/2009,30000000
22949,Old Dogs,Old Dogs,11/24/2009,35000000
23101,Topper,Topper,7/16/1937,500000
23168,The Town,The Town,9/15/2010,37000000
23178,Elvis and Me,Elvis and Me,2/7/1988,8000000
23398,Alvin and the Chipmunks: The Squeakquel,Alvin and the Chipmunks: The Squeakquel,12/21/2009,75000000
23439,House of Usher,House of Usher,6/21/1960,270000
23451,Videocracy,Videocracy,9/4/2009,700000
23479,The Bad News Bears,The Bad News Bears,4/7/1976,35000000
23531,Whipped,Whipped,9/1/2000,3000000
23685,Monkeybone,Monkeybone,2/23/2001,75000000
23729,The Invicible Cell,Blekingegadebanden,3/20/2009,1520000
23730,C.H.U.D.,C.H.U.D.,8/31/1984,1250000
23919,Porky's 3: Revenge,Porky's Revenge,3/22/1985,9000000
23945,Carpool,Carpool,8/23/1996,17000000
23947,Nasty Old People,Nasty Old People,10/10/2009,15000
23949,Tape,Tape,1/26/2001,100000
23963,Pontypool,Pontypool,3/6/2009,1500000
24021,The Twilight Saga: Eclipse,The Twilight Saga: Eclipse,6/23/2010,68000000
24049,Sivaji: The Boss,சிவாஜி,6/14/2007,12000000
24051,Hardwired,Hardwired,11/3/2009,5000000
24065,Guncrazy,Guncrazy,9/11/1992,800000
24079,Triggermen,Triggermen,1/1/2002,500000
24113,Town & Country,Town & Country,4/27/2001,90000000
24221,The Rebel,Dòng Máu Anh Hùng,4/27/2007,1500000
24269,The Temptations,The Temptations,11/1/1998,8000000
24276,Matewan,Matewan,8/28/1987,4000000
24285,Phileine Says Sorry,Phileine zegt sorry,10/9/2003,4170000
24348,Powaqqatsi,Powaqqatsi,4/29/1988,2500000
24402,Emmanuelle,Emmanuelle,6/25/1974,500000
24428,The Avengers,The Avengers,4/25/2012,220000000
24469,Fish Tank,Fish Tank,5/14/2009,3000000
24559,Slaughterhouse-Five,Slaughterhouse-Five,3/15/1972,3200000
24603,All The Best,All The Best,10/16/2009,7500000
24821,Hidden,Skjult,3/4/2009,2215773
24837,August Underground's Mordum,August Underground's Mordum,1/1/2003,300
24927,Night Of The Living Dead 3D,Night Of The Living Dead 3D,5/6/2007,3000000
24929,Return of the Living Dead Part II,Return of the Living Dead Part II,1/15/1988,6200000
24973,The Egyptian,The Egyptian,8/25/1954,5000000
25126,Six Shooter,Six Shooter,1/1/2004,200000
25132,Shorts,Shorts,8/21/2009,40000000
25147,Jude,Jude,2/6/1996,7000000
25151,Mutants,Mutants,10/31/2008,4000000
25180,Anne Of Green Gables: The Continuing Story,Anne Of Green Gables: The Continuing Story,7/23/2000,1100000
25221,For the Boys,For the Boys,11/22/1991,40000000
25269,Article 99,Article 99,3/13/1992,18000000
25335,Hellsinki,Rööperi,1/9/2009,2500000
25364,Ace in the Hole,Ace in the Hole,6/29/1951,1821052
25376,The Secret in Their Eyes,El secreto de sus ojos,8/13/2009,2000000
25476,Scum,Scum,9/12/1979,420000
25499,"Just Let It Go, Friends",जाने भी दो यारों,8/12/1983,14000
25571,Drive,Drive,8/6/1997,3500000
25713,Animals,Animals,11/5/2008,5500000
25784,Journey from the Fall,Vượt Sóng,2/22/2006,1300000
25846,Baarìa,Baarìa,9/2/2009,35000000
25934,"To Sir, with Love","To Sir, with Love",6/14/1967,640000
25936,Radio Day,День радио,3/8/2008,4000000
25967,Isolation,Isolation,9/10/2005,5000000
26042,Warlock III: The End of Innocence,Warlock III: The End of Innocence,10/12/1999,2000000
26127,Joshua Tree,Joshua Tree,8/4/1993,9000000
26142,The Doctor,The Doctor,7/24/1991,12000000
26268,Harper,Harper,2/23/1966,3500000
26379,Paa,Paa,12/4/2009,3250000
26388,Buried,Buried,9/24/2010,1987650
26505,Arthur and the Revenge of Maltazard,Arthur et la vengeance de Maltazard,11/26/2009,87000000
26515,Pumpkinhead,Pumpkinhead,6/9/1988,3500000
26623,Generation X,Generation X,12/20/1996,7000000
26687,The Unseeable,เปนชู้กับผี,11/2/2006,2000000
26750,Fall of the Republic: The Presidency of Barack H. Obama,Fall of the Republic: The Presidency of Barack H. Obama,10/21/2009,200000
26774,The Blood on Satan's Claw,The Blood on Satan's Claw,1/1/1971,140000
26815,Rocket Singh: Salesman of the Year,Rocket Singh: Salesman of the Year,12/11/2009,1250000
26899,The Mudge Boy,The Mudge Boy,1/17/2003,800000
26956,Puppet Master III Toulon's Revenge,Puppet Master III Toulon's Revenge,10/17/1991,800000
27004,Ca$h,Ca$h,1/1/2010,7000000
27007,Overnight,Overnight,6/12/2003,550
27046,The Irony of Fate. The Sequel,Ирония судьбы. Продолжение,12/21/2007,5000000
27064,Mishima: A Life in Four Chapters,Mishima: A Life in Four Chapters,5/15/1985,5000000
27085,The Land That Time Forgot,The Land That Time Forgot,8/13/1975,1500000
27090,Zero Day,Zero Day,9/3/2003,20000
27122,The Attic,The Attic,1/15/2008,700
27230,Christmas Evil,Christmas Evil,11/1/1980,750000
27270,America 3000,America 3000,4/8/1986,2000000
27303,Hideaway,Hideaway,3/3/1995,15000000
27387,Gacy,Gacy,5/13/2003,250000
27414,"Silent Night, Deadly Night","Silent Night, Deadly Night",11/9/1984,1065000
27429,Shivers,Shivers,10/10/1975,179000
27432,Killer of Sheep,Killer of Sheep,11/14/1978,100000
27503,The Unknown,The Unknown,6/4/1927,217000
27505,The Unholy Three,The Unholy Three,9/16/1925,103000
27507,"Laugh, Clown, Laugh","Laugh, Clown, Laugh",4/14/1928,293000
27579,The American,The American,8/31/2010,20000000
27581,The Other Guys,The Other Guys,8/6/2010,100000000
27601,Citizen Toxie: The Toxic Avenger IV,Citizen Toxie: The Toxic Avenger IV,11/1/2001,500000
27636,The Whip and the Body,La frusta e il corpo,8/29/1963,66500
27662,Deep Space,Deep Space,5/1/1988,1500000
27696,The Thirsting,The Thirsting,1/1/2006,350000
27711,Killjoy,Killjoy,10/24/2000,150000
27712,Killjoy 2: Deliverance from Evil,Killjoy 2: Deliverance from Evil,1/8/2002,30000
27770,Sometimes They Come Back... Again,Sometimes They Come Back... Again,9/3/1996,3000000
27791,Strangeland,Strangeland,10/2/1998,1100000
27793,The Neverending Story III: Escape from Fantasia,The NeverEnding Story III,10/26/1994,17000000
27873,Battletruck,Warlords of the 21st Century,1/1/1982,1000000
27932,Airport 1975,Airport 1975,10/18/1974,3000000
27936,Micmacs,Micmacs à tire-larigot,10/28/2009,33000000
27945,Hombre,Hombre,3/21/1967,5860000
27957,The Breath,Nefes: Vatan Sağolsun,10/15/2009,2000000
27969,Turk 182!,Turk 182!,2/15/1985,1900000
28019,"Give 'em Hell, Malone","Give 'em Hell, Malone",1/1/2009,15000000
28136,Popatopolis,Popatopolis,6/10/2009,250000
28170,The Gore Gore Girls,The Gore Gore Girls,12/15/1972,63500
28178,Hachi: A Dog's Tale,Hachi: A Dog's Tale,6/13/2009,16000000
28188,Swamp Zombies!!!,Swamp Zombies!!!,7/22/2005,12000
28349,The Dead Hate the Living!,The Dead Hate the Living!,2/8/2000,150000
28426,Invisible Agent,Invisible Agent,7/31/1942,322000
28448,Walker,Walker,12/4/1987,5800000
28640,Devil's Den,Devil's Den,10/22/2006,1500000
28671,Habit,Habit,8/31/1996,200000
28687,Unholy,Unholy,9/4/2007,250000
28871,How About You...,How About You...,11/16/2007,9000000
28910,Mark of the Vampire,Mark of the Vampire,4/26/1935,305177
28925,Zone of the Dead,Zone of the Dead,2/22/2009,1000000
28932,F.I.S.T.,F.I.S.T.,4/26/1978,11
28966,Wings,Wings,8/12/1927,2000000
28978,The Circus,The Circus,1/6/1928,9000000
29058,The Beast with a Million Eyes,The Beast with a Million Eyes,6/15/1958,23000
29066,Atlas,Atlas,5/1/1961,70000
29159,Giallo,Giallo,3/13/2010,14000000
29161,Phenomena,Phenomena,1/31/1985,3800000
29237,Shock,Shock,1/10/1946,375000
29244,3 Godfathers,3 Godfathers,12/1/1948,1243000
29286,The Black Cat,The Black Cat,5/2/1941,176000
29293,House of the Dead 2,House of the Dead 2,10/14/2005,6000000
29361,Antikiller D.K,Антикиллер Д.К.: Любовь без памяти,12/3/2009,2500000
29369,Made in U.S.A,Made in U.S.A,12/3/1966,50000
29393,Macabre,Macabre,10/1/1958,90000
29406,Trucker,Trucker,4/24/2008,2000000
29424,Hungry Wives,Hungry Wives,5/1/1972,90000
29426,Survival of the Dead,Survival of the Dead,5/6/2010,4000000
29427,The Crazies,The Crazies,2/26/2010,20000000
29437,Rabid,Rabid,4/8/1977,530000
29512,Bruiser,Bruiser,2/13/2000,5000000
29514,Two Evil Eyes,Due occhi diabolici,1/25/1990,9000000
29723,The Concorde... Airport '79,The Concorde... Airport '79,8/17/1979,14000000
29798,Dead Man's Hand,Dead Man's Hand,7/1/2007,200000
29854,Seizure,Seizure,1/1/1974,250000
29883,The Untold,The Untold,7/29/2002,3000000
29912,The Robe,The Robe,9/16/1953,4100000
29923,Detour,Snarveien,7/31/2009,2200000
29938,Alien Escape,Alien Escape,1/1/1996,1000000
30019,Upperdog,Upperdog,8/28/2009,3417000
30168,It Came from Hollywood,It Came from Hollywood,12/10/1982,5000000
30237,Onegin,Onegin,12/22/1999,14000000
30289,Megafault,Megafault,10/10/2009,1200000
30302,Death In Love,Death In Love,7/17/2008,3000000
30315,Kingdom of the Spiders,Kingdom of the Spiders,8/24/1977,500000
30449,Imago mortis,Imago mortis,1/15/2009,3700000
30548,Zerophillia,Zerophillia,10/13/2005,325000
30618,Bunraku,Bunraku,9/1/2010,25000000
30619,D Day,Den' D,6/6/2008,5000000
30633,Istanbul Tales,Anlat Istanbul,4/11/2005,5000
30634,Organize İşler,Organize İşler,12/22/2005,20000
30779,Blackwoods,Blackwoods,10/25/2001,3000000
30973,The Visual Bible: The Gospel of John,The Visual Bible: The Gospel of John,9/11/2003,10000000
31037,MacArthur,MacArthur,7/1/1977,9000000
31059,Nasha Russia: Yaytsa sudby,Наша Russia: Яйца судьбы,1/21/2010,2000000
31060,Recep İvedik,Recep İvedik,2/22/2008,500000
31129,The Final Sacrifice,The Final Sacrifice,1/1/1990,1500
31150,Intruder,Intruder,1/27/1989,130000
31196,Growth,Growth,1/29/2010,300000
31225,Paris is Burning,Paris is Burning,3/13/1990,500000
31246,From Justin to Kelly,From Justin to Kelly,6/20/2003,12000000
31359,Would I Lie to You? 2,La Vérité si je Mens ! 2,2/7/2001,12560000
31414,Satantango,Sátántangó,2/8/1994,1500000
31516,On the Town,On the Town,12/8/1949,2111250
31522,A Woman Is a Woman,Une Femme est une femme,9/6/1961,160000
31525,The Legend of Bhagat Singh,The Legend of Bhagat Singh,6/7/2002,3000000
31618,Betrayed,Betrayed,8/26/1988,19000000
31629,Arundhati,Arundhati,1/16/2009,2915739
31671,Breakout,Breakout,5/21/1975,1000000
31675,Cromwell,Cromwell,9/16/1970,3750000
32005,Breaking Point,Breaking Point,12/4/2009,2500000
32085,Vincent,Vincent,1/1/1982,60000
32173,Bunshinsaba: Ouija Board,분신사바,8/5/2004,2500000
32250,Ju-on: The Curse,呪怨,2/11/2000,4000000
32387,Stick,Stick,4/26/1985,22000000
32395,The Greatest,The Greatest,1/17/2009,6000000
32872,Til There Was You,Til There Was You,5/30/1997,1000000
32909,Mulan: Rise of a Warrior,花木兰,11/26/2009,12000000
33065,Alesha Popovich and Tugarin the Dragon,Алеша Попович и Тугарин Змей,12/23/2004,4000000
33273,Cell 211,Celda 211,11/6/2009,5700000
33365,The Night Before the Exams,Notte prima degli esami,2/17/2006,2457000
33470,American Boy: A Profile of: Steven Prince,American Boy: A Profile of: Steven Prince,9/16/1978,155000
33476,Abbott and Costello Meet the Keystone Kops,Abbott and Costello Meet the Keystone Kops,1/1/1955,736
33477,"Abbott and Costello Meet the Killer, Boris Karloff","Abbott and Costello Meet the Killer, Boris Karloff",9/18/1949,686
33482,Here Come the Co-eds,Here Come the Co-eds,1/1/1945,717
33518,Alligator,Alligator,7/2/1980,1500000
33534,Nikitich and The Dragon,Добрыня Никитич и Змей Горыныч,3/16/2006,4500000
33627,OceanWorld 3D,OceanWorld 3D,1/1/2009,8000000
33714,I'm Staying,Я остаюсь,4/19/2007,1000000
33914,Frankenweenie,Frankenweenie,12/14/1984,1000000
34128,Peter and Vandy,Peter and Vandy,1/1/2009,500000
34144,"Dear Guest, When Will You Leave?",Atithi Tum Kab Jaoge,2/26/2010,3750000
34179,14 Blades,Jin Yi Wei,2/4/2010,20000000
34223,Vamp,Vamp,7/18/1986,1900000
34308,Modigliani,Modigliani,5/18/2004,12000000
34376,Mannequin Two: On the Move,Mannequin Two: On the Move,1/7/1991,13000000
34463,Three Little Pigs,Three Little Pigs,5/27/1933,15719
34544,The A-Team,The A-Team,6/10/2010,110000000
34636,The Neverending Story II: The Next Chapter,The Neverending Story II: The Next Chapter,10/24/1990,32000000
34746,Death Wish 5: The Face of Death,Death Wish 5: The Face of Death,1/14/1994,5000000
34769,Defendor,Defendor,9/12/2009,3500000
34812,H.G. Wells' War of the Worlds,H.G. Wells' War of the Worlds,6/28/2005,1000000
35019,Nanny McPhee and the Big Bang,Nanny McPhee and the Big Bang,3/26/2010,35000000
35114,Destino,Destino,8/5/2003,1500000
35153,The Heavy,The Heavy,4/8/2010,4500000
35165,The Rainbow Thief,The Rainbow Thief,9/1/1990,10000000
35196,Restoration,Restoration,12/29/1995,19000000
35379,IMAX Mummies Secrets Of The Pharohs,IMAX Mummies Secrets Of The Pharohs,5/25/2007,4000000
35552,The Extraordinary Adventures of Adèle Blanc-Sec,Les Aventures extraordinaires d'Adèle Blanc-Sec,4/9/2010,25000000
35652,That's It,Apenas o Fim,10/5/2008,4000
35688,Why Did I Get Married Too?,Why Did I Get Married Too?,4/2/2010,20000000
35733,Amateur Porn Star Killer,Amateur Porn Star Killer,6/30/2006,45
35759,My Super Psycho Sweet 16,My Super Psycho Sweet 16,10/23/2009,1
35891,Mansquito,Mansquito,3/5/2005,5000000
36046,The Work and the Glory,The Work and the Glory,11/24/2004,7500000
36095,Cure,キュア,11/6/1997,20000
36109,The Grind,The Grind,9/22/2009,1200000
36139,High Plains Invaders,High Plains Invaders,8/30/2009,2000000
36142,The Dark House,Dom zły,11/27/2009,1300000
36206,Ride the High Country,Ride the High Country,6/20/1962,813000
36211,Japón,Japón,1/1/2002,250050
36224,Subconscious Cruelty,Subconscious Cruelty,10/12/2000,100
36234,Timecode,Timecode,3/22/2000,4000000
36299,The Grave,The Grave,1/1/1996,4000000
36337,Delusion,Delusion,6/7/1991,1000000
36344,Alaska,Alaska,8/14/1996,23000000
36586,Blade II,Blade II,3/22/2002,54000000
36593,The Naked Gun 33⅓: The Final Insult,The Naked Gun 33⅓: The Final Insult,3/18/1994,30000000
36614,The Sum of Us,The Sum of Us,7/12/1994,32
36618,Zero 2,Zero 2,1/18/2010,400000
36647,Blade,Blade,8/21/1998,45000000
36657,X-Men,X-Men,7/13/2000,75000000
